{
    "ex_upper_bound": 0.6404494382022472,
    "ex_lower_bound": 0.0,
    "f1_upper_bound": 0.7382022575150686,
    "f1_lower_bound": 0.0
}