{
    "ex_upper_bound": 0.7078651685393258,
    "ex_lower_bound": 0.0,
    "f1_upper_bound": 0.8175717775565458,
    "f1_lower_bound": 0.0
}