{
    "ex_upper_bound": 0.5955056179775281,
    "ex_lower_bound": 0.0,
    "f1_upper_bound": 0.6754991750075335,
    "f1_lower_bound": 0.0
}