{
    "ex_upper_bound": 0.7303370786516854,
    "ex_lower_bound": 0.0,
    "f1_upper_bound": 0.8287468031221124,
    "f1_lower_bound": 0.0009770395701025891
    
}